time_s,U_BUS1_re,U_BUS1_im,I_BUS1_re,I_BUS1_im,U_BUS2_re,U_BUS2_im,I_BUS2_re,I_BUS2_im,U_BUS3_re,U_BUS3_im,I_BUS3_re,I_BUS3_im,U_BUS4_re,U_BUS4_im,I_BUS4_re,I_BUS4_im,U_BUS5_re,U_BUS5_im,I_BUS5_re,I_BUS5_im,U_BUS6_re,U_BUS6_im,I_BUS6_re,I_BUS6_im,U_BUS7_re,U_BUS7_im,I_BUS7_re,I_BUS7_im,U_BUS8_re,U_BUS8_im,I_BUS8_re,I_BUS8_im
0.0,1.0,0.0,6.149333655269866,-1.9513762980878275,0.9747506314181886,-0.20242689187591414,5.165664628430194,-4.766010054693254,0.8898343439600871,-0.45628372785923615,1.5862542080316195,-3.70055617160944,0.9377066473061212,-0.3902707325709338,1.189547875996304,-1.2415904732671452,0.8941395569718602,-0.5353813256323223,1.8935644733486894,-4.869241203298851,0.7643177706142635,-0.6448397828323266,-0.4600145916586805,-0.5297764037754117,0.9799561239121386,-0.19921344133139524,2.14091208575104,-0.7629838158694836,0.9803235421985904,-0.19739744834016598,2.9138384343707067,-1.0308675992894079
0.1,1.001029223833567,0.0008881809085378932,6.146322446589726,-1.9447977131879386,0.976126346360467,-0.2011777696280693,5.175174370106998,-4.764462965696349,0.8914432276021634,-0.4547840811681698,1.5986104224758044,-3.69906239004979,0.9392970269384041,-0.3887151782080509,1.1930895336897251,-1.2399919685790053,0.8961760258266901,-0.5327776694510556,1.920701261046773,-4.873594034550123,0.7654153776268982,-0.643636449251934,-0.46176486408868656,-0.5125161251044522,0.9815107636910537,-0.19786655108994677,2.1394104607028335,-0.7557269996774925,0.9823762884738075,-0.1956832423866714,2.923023616094672,-1.0363372266847688
0.2,1.0021537180883138,0.001836423595157,6.144872801405342,-1.943391775602877,0.9770322983977517,-0.20005060553457155,5.179204579217726,-4.75111549302139,0.8930890138670294,-0.4530814324084647,1.6160706552917954,-3.698616547465499,0.9404059821587446,-0.38752305297579326,1.1914660298694093,-1.2328300153920517,0.8974952013977819,-0.5315867052087969,1.924429332796816,-4.866657126556539,0.7674133322717174,-0.6416265113726723,-0.44087556438738584,-0.5170057141509168,0.9832669889363542,-0.19627394322999467,2.142844272274467,-0.7549050296813136,0.9841450785885895,-0.19408164587616236,2.92788666771474,-1.035614238989189
0.31,1.0033536603835906,0.0029121508252698833,6.147340326201248,-1.944504944739654,0.9778882234289231,-0.19901166048003574,5.18256081931267,-4.739201192590321,0.8943569238251325,-0.45160741802998566,1.6298543521013305,-3.6934596382550304,0.9420109923693126,-0.3859564589671237,1.1967984257619593,-1.2341863040015597,0.8980591454915449,-0.5316807951642287,1.9113531048843269,-4.854198423838867,0.7692641444313507,-0.639912384172206,-0.4190801358170043,-0.5262117353436067,0.9856359860919314,-0.1940800182356738,2.1603541976069405,-0.7725396100094115,0.9850492758681462,-0.19296990079357546,2.918319248559018,-1.0145548012296866
0.4,1.0041848560337157,0.003774668617846291,6.154183331675118,-1.9450174294990599,0.978842222732891,-0.19831808626433056,5.191102075735091,-4.74743168977539,0.8946755471080817,-0.45116858788158853,1.632379082077787,-3.6877990153445777,0.9436342971527899,-0.38454625511328544,1.210166451869378,-1.2475223452189466,0.8981237685343257,-0.5320953773101625,1.906237945415932,-4.854908772503363,0.7687310986717318,-0.640655725829822,-0.43823533091665673,-0.5085045883750666,0.9867136891799424,-0.19286679849576338,2.1682092388048937,-0.7782405340005658,0.9856067432240424,-0.19214012958789378,2.9171299877297794,-1.0063239969231326
0.5,1.0048438261298316,0.004622978282790923,6.165074815838064,-1.942095348440772,0.9800939259008002,-0.19785424380852584,5.200415626585004,-4.768403497970377,0.8942043240992047,-0.4517959827545638,1.6108786770823356,-3.671010113939526,0.944539358035035,-0.3839459200746865,1.216795171448919,-1.254951320481806,0.8980146528236365,-0.5321986817746458,1.9048179857246663,-4.8507510384170285,0.7688859912715749,-0.6406698934627156,-0.43820959176245305,-0.5072711009437847,0.9862662440267114,-0.19279890884314826,2.1580374572695566,-0.7602050545079934,0.9864316212671088,-0.19112970828230966,2.9322425069761744,-1.0209837020014738
0.61,1.0051229973321383,0.005195037515256932,6.17832810448559,-1.9384555972094841,0.9809600685424658,-0.19797794459160598,5.201467296252895,-4.787473117178971,0.8930699215611522,-0.45360899592215914,1.5634406442227844,-3.648028073244186,0.9433927579399031,-0.38528445594335187,1.202148903773227,-1.2404468172310252,0.8979801643155603,-0.5313193664759374,1.911955379099257,-4.837587715601029,0.7709468785790662,-0.6385594375401105,-0.3915089417190225,-0.5436022750141463,0.9853139505811414,-0.19338417318013995,2.150141497177415,-0.7485837526168162,0.9862887129763953,-0.19111416153753535,2.939989215701753,-1.0301164444434678
0.7000000000000001,1.0045946745273668,0.0048051882813679595,6.185526339052685,-1.9437653100318273,0.980187484040249,-0.19888401093361593,5.194832344803174,-4.791556421517766,0.8920893668632616,-0.45522862117787366,1.5430847079112346,-3.655351808114539,0.9413680659553312,-0.3872477666512651,1.189697356382015,-1.230718052532718,0.8978903670390173,-0.5303874533532511,1.9348793799462862,-4.850441194969439,0.769583069339501,-0.6397499014845213,-0.40681874461109924,-0.5365649881459473,0.9848642251043718,-0.19412161200396202,2.1623090919993913,-0.7700844813147185,0.9843147553066672,-0.19297816628458592,2.9219293228647953,-1.012418169954835
0.8,1.0038721892266589,0.0040805239381050545,6.188774084815823,-1.9540697052382223,0.9786244576238755,-0.20001639891829548,5.182686151839332,-4.7811608311564715,0.8914847457150709,-0.45634134883576566,1.5398796535347823,-3.675504114138247,0.9401229165571335,-0.38843904197983514,1.1890050897854887,-1.2337763950029128,0.8979951369341678,-0.5292262094977498,1.9655246926811873,-4.874014337444919,0.7668559374867052,-0.6422315268812436,-0.4508865584695135,-0.5066271026914436,0.9841797815594894,-0.19536786993987132,2.172807556110589,-0.7931340662928824,0.9819663202254294,-0.19545660330500453,2.898433153791073,-0.9925370507680581
0.9,1.002956007151259,0.0030263423800102837,6.181585932227425,-1.9602135582038647,0.976779129260226,-0.20109325465403113,5.16331852550114,-4.753651373230676,0.8911656315311391,-0.4566627370832461,1.541019548086018,-3.683326437097292,0.9399906374283296,-0.3885770904859624,1.1944619597108106,-1.2410855328325252,0.8978568993433705,-0.5287147252947528,1.9718402528935486,-4.873396691558271,0.7671902066553079,-0.6415877778902417,-0.4349367583632584,-0.5215380674945176,0.9819968389046881,-0.19793526788235596,2.1550344802751282,-0.781076630731218,0.9805778902351482,-0.1974408090703615,2.892480180875064,-1.0006491518364
1.0,1.0018228293696296,0.0017004029411837283,6.163997630372231,-1.957450728812429,0.9754516315358528,-0.20176195633744318,5.151352691823028,-4.733976102843212,0.8910023635111979,-0.45621027646640044,1.5526190104744815,-3.6825900981376885,0.9402706498337502,-0.38825828374915056,1.201309014937612,-1.2484870153169847,0.897464350170546,-0.5290122604356028,1.9605489833156584,-4.862096523846495,0.7686226875735473,-0.6398838496688461,-0.39852370775554624,-0.5519647073920039,0.9793391158996346,-0.20086564201184706,2.124900312042152,-0.7525606639732237,0.9799169257779874,-0.19890004161464592,2.8970641015404777,-1.0233931915453767
1.1,1.0005282134795002,0.0002477059520030113,6.14082207817269,-1.946435816060477,0.9751807588499223,-0.20182037914402673,5.1612717015481735,-4.746971268416111,0.8909362226276124,-0.4552121225777623,1.5851421907915688,-3.6897459771154004,0.9401243852543992,-0.3882015546264986,1.2072490841203671,-1.2556490931671025,0.897057110978274,-0.5298049204794414,1.954722738130222,-4.870830341089655,0.7670375244921237,-0.6413518998859066,-0.42497425306503595,-0.5349644801267772,0.9783335581025356,-0.20234249604353033,2.117891698618577,-0.7517929838222673,0.9790099223320197,-0.20030809126262578,2.8898136708498265,-1.0253761638787788
1.21,0.999086053913101,-0.0012630355647018717,6.114199180147672,-1.9265647104537325,0.9758039534940263,-0.20150433753624608,5.1843404597563145,-4.783324290848586,0.8907542927977403,-0.45419377602445327,1.6187677777902605,-3.6939469611294697,0.9390368533388974,-0.3889310018093635,1.2020720324194227,-1.2508497468071127,0.896543297242379,-0.5310103349383591,1.9452771324455898,-4.881495145826858,0.7650822718498592,-0.6433025318426082,-0.4589564460776877,-0.5132726104068008,0.9793364244098495,-0.20191740831583335,2.138357586532295,-0.7827939692389849,0.9778485083999802,-0.2014845271613913,2.8683746234187533,-1.0008645443373698
1.3,0.9980716366876867,-0.0022467902464156616,6.096565853886728,-1.9092785512180321,0.9763368364566282,-0.20140129124429612,5.194669600845159,-4.804577320534713,0.8904075630786662,-0.4539582965214303,1.6221200033464869,-3.6835639452420916,0.9380264823280496,-0.3897264625153687,1.1898821269793634,-1.2373561606493415,0.8960214289156069,-0.5320407693718218,1.9258369793019412,-4.869974327798176,0.7663214826251984,-0.6420893308146728,-0.4294957941579764,-0.5392127636388498,0.9801647377285592,-0.20110471463003737,2.148996282387225,-0.7948709817845504,0.9778588429629437,-0.2012753156349431,2.8641975360645753,-0.9920762058882635
1.4000000000000001,0.9973019209764198,-0.002920313048892971,6.088568682349869,-1.8991959282913335,0.9763401857408771,-0.2017285661618269,5.193222383420414,-4.811583554453584,0.8899548130601137,-0.454483727665689,1.6083559832695964,-3.674380490697549,0.9379333561088449,-0.38983138782077414,1.1862386261289903,-1.233625696996782,0.8956093019715379,-0.5327410646481678,1.912687193513403,-4.859898033046653,0.7673980917905595,-0.6411163284517489,-0.40497244470290056,-0.5607848976007385,0.9801723123505901,-0.2004145192603979,2.141190966857254,-0.7766141470478329,0.979346836792481,-0.19948760971582993,2.8871770755412522,-1.0127632019291437
1.5,0.9969976564581917,-0.0031024077494876904,6.094975044245747,-1.90347215381969,0.9755660237153821,-0.20250023141844573,5.181401051112718,-4.803011885398249,0.8896310260777978,-0.4556411563143078,1.5899463783545045,-3.6814750720103224,0.9391161378546597,-0.38890640621785066,1.1998842763520867,-1.2501277686035457,0.8955864928180162,-0.5326990543020158,1.9228303066261856,-4.871794711493775,0.7656021059757215,-0.6431081165206617,-0.44187252106590913,-0.5339312734545018,0.980403887886933,-0.19921422454442128,2.1348819665840115,-0.7562433993407056,0.9812629862232458,-0.19703770101197124,2.9167762089037965,-1.0368381991131872
1.6,0.997116341868872,-0.0028662293692973593,6.109130780408366,-1.9151620212691078,0.9743621409986267,-0.20346003700103346,5.159101172745113,-4.776806150757146,0.8894815940863525,-0.4570673542618559,1.5618428924604342,-3.6892837327251478,0.9403523437600863,-0.38797521035641314,1.2114197055785352,-1.2637972145680736,0.8957820630886173,-0.5321968007104484,1.9353803152609002,-4.878509983876445,0.7648203909386888,-0.6440571675453897,-0.45982618752833015,-0.5201924824025451,0.9821629210659802,-0.19678672062175598,2.1521218627839516,-0.7665514428246204,0.9823119225235304,-0.19512987718930488,2.923946774420689,-1.0289635758368345
1.71,0.997587213139871,-0.0022922419782434272,6.123824102931385,-1.9254110808438347,0.9734524735349857,-0.204153946451578,5.134715788479446,-4.744203482452233,0.8895502026877335,-0.45828836957158686,1.5266870781139827,-3.6870723048617453,0.9404823114955517,-0.387988036371224,1.2047406626939716,-1.2558154721740133,0.8960891136304863,-0.5315270528312847,1.9366922156108985,-4.865098486557894,0.7671831213264684,-0.6417704366148317,-0.4149359006422236,-0.5531476309913284,0.9848258097712075,-0.1937866637818957,2.1822051144537378,-0.7951315528941181,0.9828146981761425,-0.19372113821685819,2.9156418556798616,-1.0013384026524588
1.8,0.9981322850713256,-0.001696698597357297,6.131788370141038,-1.9286553340653496,0.9736764683088218,-0.2040061163471787,5.132763401640682,-4.739932960236227,0.8898627243299256,-0.4584934793654718,1.5182226613131595,-3.688801314221513,0.9399334928893253,-0.38847163406644986,1.1943812287509756,-1.2437462032631685,0.8965142246832154,-0.5309640789814333,1.9426464349912216,-4.864524020237552,0.7677490472384274,-0.6412557021465565,-0.40778538384450075,-0.5562836095675238,0.9858054006880135,-0.19257596563105173,2.188766856567817,-0.797585551060841,0.9837071378067143,-0.19257240963772163,2.9225038597360924,-1.0019494704820824
1.9000000000000001,0.9988483563347491,-0.0009814913619589053,6.134494611906936,-1.925876957187089,0.9750196736030532,-0.20302268047389552,5.151854413902412,-4.761805322579762,0.8904345649213613,-0.45770361622854744,1.5347186934041515,-3.6933003450352393,0.939685767098092,-0.3885980225902395,1.1903889670628762,-1.2383958512798956,0.8970968237546405,-0.530489256115538,1.9545189651576946,-4.878315501641017,0.766176265227525,-0.6428981048090023,-0.4475767225507165,-0.5215304140706698,0.9852847198550478,-0.1929196777657893,2.172800828903534,-0.774233530892194,0.9850840500420123,-0.1915138606382905,2.943878139666018,-1.0285397317632308
2.0,0.9996879296953456,-0.00022629408932853452,6.130074183733397,-1.916868664397195,0.9769224856152238,-0.2015424319685661,5.175382749366124,-4.78536207564175,0.8911115470728335,-0.45610446369559077,1.556229039218436,-3.681435020577638,0.9404655919627265,-0.38780432642997975,1.1934645380858173,-1.2387414636049456,0.8975203517597671,-0.5304071784679489,1.9491790197943093,-4.873751380743382,0.7668202394089404,-0.642250341627532,-0.4449829423222828,-0.5171334346605423,0.9846104201887554,-0.1939051468620531,2.157013951412143,-0.7577919541225531,0.9855056641195225,-0.19169251695618192,2.9473847021550275,-1.0399657238085116
2.1,1.0007070589611198,0.0006178148579245382,6.1233731198440555,-1.9086255359077522,0.9786448159052805,-0.19998784177619797,5.192279169256221,-4.793944266174012,0.8919545965141781,-0.45406513625754014,1.576807192458134,-3.659295332921865,0.9421400289220765,-0.3862252461454046,1.202269984734614,-1.2436384233336903,0.8978560686116397,-0.5304792690042135,1.930231450732177,-4.8513957593163175,0.7697959948493888,-0.6391838286263475,-0.39673015632266195,-0.5460990022675762,0.984901162264162,-0.1945531798444581,2.1593815089158084,-0.7708447793369336,0.9843923794918483,-0.19338351696516148,2.9188278819168536,-1.0146700678633997
2.2,1.0019458364561014,0.0016207650060308953,6.122402529350859,-1.9104786315699447,0.9797484853593812,-0.19861941531179042,5.20550884613708,-4.792429066108313,0.8931288796281797,-0.4519447661987921,1.609580077218809,-3.655614346880097,0.9438418498956564,-0.384577515321135,1.2160530059472534,-1.2548730703546491,0.8984866090621246,-0.5301001058145013,1.927739829007226,-4.848163341185299,0.7703783772226452,-0.6385039952283057,-0.3977292649159968,-0.5369933369218739,0.9852951175526805,-0.19523257356506932,2.1655217463047367,-0.7898788183864425,0.9830211579597737,-0.1953735805376719,2.8871546812283753,-0.9863611359533455
2.3000000000000003,1.0033556112495117,0.002802687270523979,6.130080441963316,-1.9227594683781803,0.9801439988572305,-0.19763391037631658,5.212225745703858,-4.780470019703278,0.8944929606689753,-0.4502605292897978,1.644023687375279,-3.6709587530081365,0.9444429386473193,-0.383877401548708,1.221794225272414,-1.2587155668815107,0.8994474812458125,-0.5290623429000213,1.9437557512835972,-4.861992577906072,0.7691225003945377,-0.6396538756421118,-0.4345456845686326,-0.5012012011200003,0.9845687152925617,-0.1965714351939994,2.153112277509043,-0.7812819774945521,0.9828583473477215,-0.19630073412828275,2.883143109805735,-0.9920539773916562
2.41,1.0049337614079585,0.004239571259612894,6.145599072538294,-1.9391781447070155,0.9800699725973726,-0.19710014366863446,5.204763999810968,-4.751971017734873,0.8956872388760257,-0.4495105579933123,1.6517151395502376,-3.6807264767183,0.9436130132867037,-0.3845209338803272,1.2072238108619742,-1.240206527202475,0.9005005312186232,-0.5275050050326315,1.9573600130083642,-4.859456933728902,0.7706577891240388,-0.637949367625179,-0.4121322085465177,-0.5113513398121722,0.9832897660974532,-0.19796428962326804,2.1287520441944148,-0.7523986021374602,0.9837395944945335,-0.19609902064105633,2.8991811108707437,-1.0192676413290476
2.5,1.0060894160241087,0.005417380052323992,6.162075638968601,-1.9502071320882048,0.9800907950766719,-0.1969513460185936,5.19514121399746,-4.7327672743097216,0.8961368716903614,-0.4498303196603693,1.634995048140889,-3.6797038681024077,0.942908816932482,-0.3852066579355097,1.1933520964504811,-1.2236467293897286,0.9012240492890154,-0.5261586740114231,1.9680406054793422,-4.851459260209286,0.7726677711308582,-0.6358538024765085,-0.37660275293104045,-0.5339063262083329,0.983457760415166,-0.19778052294846635,2.127373779294002,-0.74918469129265,0.984111399251165,-0.1957637182844193,2.90195561209958,-1.0211822941879978
2.6,1.0070867854963996,0.006582041364878752,6.182080789182313,-1.958057155124679,0.9805948626678692,-0.19684930562485997,5.193489061434491,-4.734921156545952,0.8960399124542062,-0.4508444987194912,1.6098024232991224,-3.678054952159744,0.9433597637571579,-0.3850098873882385,1.1956722388216823,-1.226616607761635,0.9018404823246661,-0.5248834852016748,1.990339771891115,-4.860064055332154,0.7719524059720392,-0.6366535823193272,-0.39671381580793175,-0.51462755455769,0.985105577581238,-0.19607589577792775,2.1497984787914732,-0.7733231379870679,0.9839096068953814,-0.1954234190283327,2.890345250167201,-0.9970896765797309
2.7,1.0076898467133668,0.0074330192698606,6.197698372658006,-1.9582200061498332,0.981531280501203,-0.19672518207257664,5.198209859410158,-4.7533249687209045,0.8954640269911872,-0.4520792267829675,1.5797836261141724,-3.667517551794205,0.9448737713112304,-0.38394449288738697,1.2101869970437609,-1.2435560432178634,0.9020058378153359,-0.5244010648771282,2.0043536425046535,-4.868166053079964,0.7706133036280457,-0.6382137532294311,-0.42853919054664696,-0.48818894519778555,0.9865743373937998,-0.19421057243415887,2.1678595996483025,-0.7887404113754856,0.984154394722546,-0.1944589286156871,2.8870170778291255,-0.980401061189794
2.8000000000000003,1.0078808017818703,0.00784165843884387,6.203434819926452,-1.9508390496777401,0.9824657316928492,-0.19659432414501626,5.200819925607702,-4.768413897740281,0.8947956925214591,-0.4529831209860646,1.5481988281818697,-3.643798020227333,0.9461031136759948,-0.38306860304805507,1.2171715489965278,-1.251035854223965,0.9015809244612857,-0.5250741876892622,1.9894658673037022,-4.8520249558704,0.7721663726643107,-0.6368911882015846,-0.3989351760684345,-0.5112508697471929,0.9867263421500597,-0.19323645985292648,2.1613655693558886,-0.7706794246801656,0.9855768485779153,-0.19254160516575755,2.907053431319549,-0.9949639940457604
2.91,1.007678079265,0.007727828834379108,6.199513164069293,-1.9428920873136641,0.9829696967668483,-0.1964376012693663,5.205244757330675,-4.778751208973072,0.8945768409877833,-0.45300089474881433,1.5425701760734882,-3.632559366961491,0.9461309473913277,-0.38301990893642857,1.2131289076554446,-1.2462212468560394,0.9008437550459756,-0.5267333740721626,1.9614566370937583,-4.837116662289033,0.7733865345237427,-0.6359150662818976,-0.373240674418915,-0.534454246361736,0.9867122616037206,-0.19243238253472075,2.150366066535445,-0.746878449263748,0.9874507219755523,-0.19033847745115212,2.9349488729977584,-1.020655874852063
3.0,1.0072475347172969,0.007221921078711697,6.191136406795593,-1.941637348322169,0.9827167062759666,-0.19637830310262278,5.2112475281114925,-4.782270688971011,0.8949653736906841,-0.45221818211269316,1.5707568047625426,-3.6487675742550523,0.9453536912932597,-0.3834699271150729,1.2078302999072459,-1.2408620137709923,0.9003503504071577,-0.5282600147931945,1.9476373447958744,-4.846807187813635,0.7715101028086739,-0.6379733075489291,-0.4092584561105932,-0.5113104123300413,0.9878310387507089,-0.1911721125638991,2.161890912507777,-0.7572063102705799,0.988055977951217,-0.1894564146663452,2.938803732580124,-1.0187907645955565
3.1,1.006515853205991,0.006294285995203794,6.17684211485729,-1.9425370915758942,0.9817029760483447,-0.19658472513528502,5.209597475626719,-4.769586240107785,0.8956323697096443,-0.4510395032115227,1.6088798852386919,-3.671082597931208,0.9444443411586441,-0.3839416406446656,1.2016546354639714,-1.2340239960062178,0.8998867980933118,-0.5297703691755392,1.9310983764115754,-4.853960721433135,0.7701577831268341,-0.6394015896177467,-0.4335092105717535,-0.49742013015630243,0.9895661626376085,-0.18973182297966015,2.185368851515327,-0.7869049842920279,0.9877823710674457,-0.1895009913250656,2.9249296736456896,-0.9972669316076098
3.2,1.0055256625049172,0.0050895382460702104,6.158745401335212,-1.9404765583119379,0.9803120891625577,-0.19713021389902,5.196275627062372,-4.74271708752586,0.8960342366606769,-0.45019346648398617,1.628138742699505,-3.6776349904720202,0.9442858704748218,-0.38386067605271174,1.1993994934460441,-1.2303633995156134,0.8995137470396454,-0.5306730443806509,1.9100860838846487,-4.841154508893632,0.7718084775620941,-0.6376453126834418,-0.3964603812489826,-0.5285205397141857,0.9898759057137109,-0.1896753055644365,2.1886447919924703,-0.7936827971722759,0.9875845740065511,-0.18982110188365864,2.917842257196327,-0.9908633821509554
3.3000000000000003,1.0043078278188213,0.0037435632369294492,6.141409490849742,-1.9343340031939453,0.9792298434896413,-0.19780647071396404,5.186187027512158,-4.72940393166464,0.8959161983985487,-0.4500368263665599,1.633534337011889,-3.6786450491531926,0.9450168802083103,-0.383165056733454,1.2093389030511188,-1.2410886868767161,0.899511344097854,-0.530425600448832,1.9104945854596924,-4.8383797520047205,0.7723549699980176,-0.6369049886934836,-0.38231479403355945,-0.5397502642869144,0.9883453700971953,-0.19121359241035488,2.167102527665388,-0.7695533960024965,0.9878172440787248,-0.19005855999319476,2.928698427170935,-1.0123404211831262
3.41,1.0027959775467181,0.002251769951390051,6.126023678959168,-1.9224101052479285,0.9788540712293725,-0.19848837411538192,5.188639026692707,-4.746568892907788,0.8951602576437934,-0.45074830550777006,1.629103261695799,-3.6811323569144374,0.9456307157832278,-0.3827278138317306,1.2241872367631794,-1.259485170630979,0.8999891856616333,-0.5288123687861289,1.9439874623590772,-4.859831401946034,0.769991673489447,-0.639014463351096,-0.42621466341277675,-0.5051061720868724,0.9866153290330779,-0.1930702984053091,2.1496402092649136,-0.7522781152652227,0.9874038910698105,-0.19094466302222923,2.934943273647531,-1.0293735528367236
3.5,1.0015404161593946,0.0011155517980827522,6.115303148279039,-1.9084458674983393,0.9789727651777715,-0.19903660546859836,5.192515173025599,-4.769895646023837,0.8941495250214145,-0.4519187994812105,1.6083865187787436,-3.6732796634806677,0.944894760873028,-0.3835436379181306,1.2211813221730417,-1.25823732075705,0.9004073349972369,-0.527084721468853,1.97209762509544,-4.868432516842374,0.7695833775415136,-0.6391443913057653,-0.4283988116471944,-0.5029507099643139,0.986311154698489,-0.19378825885661338,2.156917509971096,-0.7674408428947629,0.9859461941189336,-0.19251636438167885,2.918669753321889,-1.0145041018585133
3.6,1.0002885782252957,2.7900982058524142e-05,6.106465130117816,-1.8944984416600457,0.9790136579354825,-0.199725573073149,5.192250207319621,-4.7897895236142425,0.8929137806043768,-0.45346468040091586,1.5758433948851476,-3.659035272217964,0.9429352400978706,-0.38546886799959373,1.2031341750975821,-1.2406050310919292,0.9006145197749066,-0.5254822509224432,1.9915199813769653,-4.863725906897967,0.7710907717733151,-0.6373077743951816,-0.38771401430951613,-0.5354543365064881,0.9862318728324283,-0.1943526211182301,2.170842452402742,-0.7920099901265464,0.9839981790112817,-0.19446228759159087,2.8952002315970224,-0.9904181940067991
3.7,0.9993375156463756,-0.0008090907135711481,6.104222478643613,-1.8916379311506033,0.9784861980083254,-0.20051873565146788,5.18984979869466,-4.80085036576267,0.891923535533124,-0.45476677116514186,1.559560012177265,-3.6611855236463793,0.941159291212804,-0.38716703309096817,1.192033173156753,-1.2317009925423945,0.9004866860278699,-0.5247313708806415,2.008970487478289,-4.872403071434196,0.7702441883701154,-0.6379642504241404,-0.39326484795455374,-0.5354820874134433,0.9848965382041606,-0.1957528482948792,2.1654822795102704,-0.7898130603892638,0.9829369521176134,-0.1956602709233691,2.8941988534457552,-0.9958344872390639
3.8000000000000003,0.9987508016014786,-0.0013734474421840607,6.1078818032613444,-1.9012987770553131,0.9772128359595513,-0.2014188047580837,5.182187743222858,-4.795726607435934,0.891270514539242,-0.4555767637391581,1.5623618412413216,-3.6775376755279114,0.9404960016672145,-0.3878116458588721,1.1968658047558505,-1.2408037961211402,0.8998171890571027,-0.5253347165676874,2.0151876460677363,-4.889526797196189,0.7673676359905552,-0.6408377144962949,-0.4395920509893855,-0.5073470141387032,0.982569298603502,-0.19776932278487555,2.143937615171291,-0.7652176733693,0.9825980582982385,-0.1962078455177896,2.9101536577070655,-1.0235384773039706
3.91,0.9984712653588502,-0.001702792317803516,6.113443564944317,-1.9172592535466713,0.9753490852521747,-0.20241261293185905,5.162763354964763,-4.766593070615238,0.8907390609532843,-0.4559823251070721,1.565667291767572,-3.6855478792634444,0.9405233394575016,-0.38781367927339117,1.2051102650409289,-1.2524198554176706,0.8982303973573865,-0.5277969990375838,1.9834608466438806,-4.880591175874915,0.7670947598745942,-0.6412284450170004,-0.4308962191282799,-0.5249502894783918,0.981008501963029,-0.1990967860551819,2.134364281860355,-0.7569062687410233,0.9816006157886853,-0.1971193837253745,2.9100389692143573,-1.029604083352128
4.0,0.9984406950838974,-0.0017666166667651398,6.117977927541951,-1.928828375437061,0.9741614436524592,-0.20296064678815928,5.149721181704504,-4.745048159861162,0.8903495111120705,-0.4560460392736708,1.569621826659732,-3.6859941619832197,0.9403074640652542,-0.3879915492354713,1.2067032457898468,-1.255639206997528,0.8965712860873403,-0.5306565929579374,1.9406821510299361,-4.862417339376665,0.7679780561486773,-0.640523807675206,-0.4010747148836405,-0.5580639111902099,0.9811193736488162,-0.19901552196517414,2.147343530041219,-0.7769116400943917,0.9801036357245758,-0.19822619289564944,2.891196519238293,-1.0073666000567976
4.11,0.9985477832357812,-0.0016117978430390842,6.125159380401071,-1.9382858753890375,0.9738452641804337,-0.20305255139250347,5.154575516827469,-4.751835099463902,0.8898702426515072,-0.45601740337465096,1.5862318357338985,-3.695020496693663,0.9392451671806069,-0.38887534319323425,1.204148774653472,-1.2559050640854745,0.894782488382413,-0.5339700910637712,1.9048670590604115,-4.863754891646824,0.7658806659621159,-0.6429536908312442,-0.4307541196097214,-0.5476061831766579,0.9813523480128538,-0.19866450785828596,2.1628953830173514,-0.79785617028396,0.9788729880780564,-0.19895569741245084,2.87905003442856,-0.9907628412717782
4.2,0.9987158284186651,-0.0013143215166907607,6.131866645946354,-1.9398935264577297,0.9744556481905823,-0.2027992766484627,5.168894695335422,-4.777214473575117,0.8893518822459142,-0.45623060263301995,1.5935207142036303,-3.698673133998003,0.9379332417381535,-0.39003473033882846,1.1965195472978059,-1.250204950487206,0.893722981557968,-0.535912138117904,1.8888375060780036,-4.871220934466764,0.7636873884021818,-0.6454084833980374,-0.46709541378312486,-0.5275386753765444,0.9805249708657507,-0.19903207773138837,2.1562134867025957,-0.7868643676527851,0.9790705600678826,-0.1985639191402629,2.8932338087741813,-1.0072854827548499
4.3,0.9989976973280857,-0.0008331049533295376,6.139485118666508,-1.9361225133652786,0.9754491178564001,-0.20252788703399455,5.1785843981880255,-4.800628031755909,0.8886174168231086,-0.4569475903036911,1.5752123172719261,-3.6836696719884667,0.9368526831972285,-0.3911203466935432,1.1844045049294418,-1.2382124828836303,0.8930161162143443,-0.5369174285373327,1.873287590451725,-4.8602548382296575,0.7645281434339571,-0.6447169886818895,-0.44464510128227236,-0.5489059983450981,0.9792841021470685,-0.19967103875904474,2.139682621723003,-0.7620676018642445,0.9797469667333425,-0.19778336223617976,2.9143744529524955,-1.0325519605867997
4.4,0.9994197164602295,-0.00023453889397727866,6.149311166695382,-1.9341540391268695,0.976154241775573,-0.20245585112628836,5.178611263746343,-4.809824542636296,0.8880312593003196,-0.4579385101387888,1.54379804770076,-3.6651190400017146,0.9371009891466928,-0.3911279020989662,1.1831566691286777,-1.236982124258045,0.8930500492667751,-0.5364170355203055,1.874826819266732,-4.848696989966683,0.7661514102904514,-0.6431109527776142,-0.41220771998289935,-0.5724140533772762,0.9792922478947534,-0.1994721994806024,2.1408429523336423,-0.7617547473717389,0.9796405090214791,-0.19766748171015383,2.913397900144148,-1.028650214736679
4.5,0.9999876557023197,0.0004057294212760983,6.1613838515629515,-1.9396809447206496,0.9762709791377805,-0.20253265376646246,5.173957699193232,-4.806258395416503,0.888008515283829,-0.4586804200069205,1.5247885647772979,-3.664700263211925,0.9385611121877153,-0.39003084319555653,1.1978124299187354,-1.253035359840118,0.8939690879624766,-0.5344856512447933,1.9063019522009805,-4.861230341072327,0.7651547092420722,-0.6440467313030358,-0.43941877411053226,-0.5454078332815115,0.9805140798189881,-0.19853245418848697,2.159589420045068,-0.786062238822348,0.9788857670428158,-0.1981885261701623,2.893952965467567,-1.0009278156099342
4.6000000000000005,1.0004493176250007,0.0007488741787366157,6.166424810778623,-1.9490788046818015,0.9756362885268053,-0.20263905660575815,5.1636005695076275,-4.782605699445508,0.8887645544801548,-0.4584299581775882,1.529550151471066,-3.6779346072122343,0.9394061338791839,-0.38925420683918016,1.2053881468052077,-1.2600546696741395,0.8950529661269161,-0.532685649223376,1.9328829239553058,-4.873507347327264,0.7645120091424307,-0.6445445563490118,-0.4605947793642572,-0.5226398602713639,0.9809594735540181,-0.19837425085684074,2.161921765430754,-0.7901041684891283,0.978990480372809,-0.1982835749630459,2.8893621672761007,-0.9959529548601628
4.7,1.0006701387663197,0.0007999016633438104,6.162984574071125,-1.9528349511420382,0.9751244204663252,-0.20256316972294905,5.155299370579553,-4.7589138811971665,0.889632457755927,-0.4576233525132168,1.5414080322883232,-3.6849998761573586,0.9390891512197717,-0.3893794067720321,1.1975214057760797,-1.2491495827627692,0.8957026126810832,-0.5318538426539078,1.9361287032537349,-4.868191337858748,0.7660729895395895,-0.6428225939344201,-0.4341580299733521,-0.5386982413314544,0.9803745335942926,-0.1990354939079231,2.1459144105022716,-0.7702452635170346,0.9799207338754535,-0.19782646915444224,2.902048276269845,-1.0155720402076749
4.8100000000000005,1.0006210034424263,0.000605552348441703,6.155089226754256,-1.9519783843851808,0.9750285012868164,-0.20227582385936405,5.158163178712807,-4.753281514540351,0.8902986335156746,-0.45656475559632753,1.5650490402827615,-3.6935737354863614,0.938382828674714,-0.3897920976598673,1.189004242677747,-1.2385146181344888,0.8958200512846712,-0.5321268034391933,1.9296918245288492,-4.867888261483066,0.76630751295514,-0.642544645201655,-0.43120677402447327,-0.5403769623632272,0.9800036174183424,-0.19948429537575083,2.1357410128227117,-0.7579321760336333,0.9805829380190362,-0.1975130260859249,2.911675796927658,-1.0305838073448963
4.9,1.0004040822134543,0.00034298431715853463,6.149885934877486,-1.9503669969048598,0.9750814698400313,-0.20212562168660173,5.164849002122781,-4.76034263459798,0.8903960015804191,-0.4560366712654626,1.5826362319329212,-3.699733383761172,0.9380661428936996,-0.3899608626565905,1.188564031815336,-1.2384415161265045,0.8954416172549952,-0.5330693451183945,1.9208266824916138,-4.872827370952514,0.7651771666607114,-0.6437503049328265,-0.4520182631975025,-0.5271336142972081,0.9801492243840945,-0.19940683319395006,2.1390941801548284,-0.7629442989037407,0.9804355135911018,-0.19765259814237973,2.9095420506513694,-1.0283499472116504
5.0,1.000045257122234,8.129672369430662e-06,6.147929902738262,-1.9505363733200596,0.9748369836574304,-0.20232839830049673,5.166422198192932,-4.765440960178009,0.8900033043573449,-0.45612747859730945,1.5879367277259584,-3.7012014502515997,0.9377026428930682,-0.3902663115805674,1.1890073467781686,-1.2404484454125495,0.894580584154069,-0.5345472176804801,1.9041494967162804,-4.871871941782039,0.7644400067645288,-0.6446034357951155,-0.45986253933228904,-0.5271014881991816,0.9799447240259206,-0.19950206998704678,2.1416440490148103,-0.766728708858261,0.9799928557884582,-0.19792340678920078,2.9075963555571085,-1.0261503726934482
5.1000000000000005,0.9995946130827281,-0.00037057882742257413,6.150742373289319,-1.9553745368277942,0.9740859906837572,-0.2029587047581311,5.161319188244799,-4.764842110135151,0.889269733217865,-0.45685253457464536,1.583741631203201,-3.704754234592423,0.9368372421066591,-0.39108591361584444,1.1865958390960571,-1.2406495655152971,0.8934987617206179,-0.5360645611516429,1.8889139579214245,-4.871222433738533,0.7635956879443484,-0.6455491748165086,-0.4650515426753287,-0.531684707086309,0.9790417007180199,-0.20012087009408583,2.138380340582366,-0.7632058801570607,0.9794321840417979,-0.19828813927985672,2.9109670541738386,-1.0318703282665516
5.2,0.9996231217155095,-0.0003670644896512301,6.148525886120457,-1.9534295998483884,0.9742627188792187,-0.20279893494110718,5.163363253185929,-4.766051559272432,0.8894156653156851,-0.4565922871689899,1.5870734586720463,-3.7034497657464467,0.9370477071640063,-0.39087291856006334,1.1876093431364148,-1.241130865475185,0.8936192660222013,-0.535972572510463,1.8886526941416941,-4.870258973763672,0.7638021704425513,-0.6453314469172604,-0.46289602278029407,-0.5320561755546422,0.9791612304951021,-0.20006573796230612,2.1382407745143883,-0.7632057021987722,0.9795315188428529,-0.19824832599532544,2.9103166690921096,-1.0312557819044283
5.3100000000000005,0.9996802999126199,-0.00033333919238319617,6.146564834070584,-1.9515307415167942,0.9744642676881343,-0.20261865045831687,5.165567716311146,-4.767276616612745,0.8895907959650362,-0.45631624333307397,1.5905639077682119,-3.702336522370279,0.9373150400101223,-0.3906067681229875,1.188956087962951,-1.2419089833980281,0.8937528024318772,-0.5358963356009867,1.8883062082934254,-4.8695676884584564,0.76396521162484,-0.6451707777475533,-0.46210328754446234,-0.5312433741183527,0.979317240702533,-0.1999320565263549,2.1376521217970517,-0.7619619538025423,0.9797684406621003,-0.19805504845916846,2.9113466376997796,-1.032058262448332
5.4,0.9997551346614818,-0.00027212406901076336,6.145841387574985,-1.950670373887402,0.9745942346519457,-0.20249538763825226,5.166739300342198,-4.767434014375234,0.8897402236101705,-0.45613987820428203,1.5926645980609395,-3.7021452918090048,0.9374896167961827,-0.39043012121944587,1.1895477112669244,-1.242048455552721,0.8938680206467309,-0.5358262614968956,1.8884590827830046,-4.8694363264720595,0.7640509848750346,-0.6450958145290182,-0.4624218151122644,-0.5299201530250399,0.9795220071096856,-0.19971693035409077,2.1379737284543023,-0.7614459882859816,0.9800134568049331,-0.19781009011308148,2.9126840089402113,-1.0325933362739599
5.5,0.9998686887620326,-0.00016608954269184238,6.146128962931948,-1.9505428018727873,0.9746846434296506,-0.2024000547326015,5.166894898335106,-4.766178750138707,0.8898977695959627,-0.4560241297280322,1.5933104014099937,-3.702254090447811,0.9376158436729684,-0.3903006273362273,1.1893355330796507,-1.2413146337033052,0.8939973044529397,-0.5357281452512136,1.8888545869341857,-4.869022937479346,0.7642032575982584,-0.6449599879000176,-0.4614621105242292,-0.5295738729323646,0.9798467761810623,-0.19936149337882678,2.139684980472573,-0.7621920212764354,0.9802898185128484,-0.1974900676531927,2.9138888951544786,-1.032113003183183
5.6000000000000005,1.0000067442334828,-2.6949736508753954e-05,6.1474299654853235,-1.9510901667057814,0.9747366502667951,-0.20234215619231333,5.166164366511473,-4.7640373027630645,0.8900299584588247,-0.45599166914988326,1.59222110900812,-3.702392323152547,0.937720019889159,-0.3902017355571615,1.1888731897671536,-1.2403966755688018,0.8941225224319016,-0.5356085758727643,1.8896264092334474,-4.8684965454628255,0.764377044904053,-0.6448060011567008,-0.45987539766471874,-0.5298141904693121,0.9801932772181161,-0.19896221752551577,2.1418316354968763,-0.7632325717028942,0.9805668099938735,-0.19714161475504752,2.9152052202890673,-1.0313831145946315
5.7,1.000155770058901,0.00013040072206905022,6.149333542082977,-1.9519065676210485,0.9747902550200643,-0.20229822663431268,5.165387023474924,-4.762279637089917,0.8901265578312614,-0.45601300525935157,1.5902221283977063,-3.702399334317578,0.9378601062809768,-0.39008238226330016,1.1890285236661309,-1.2402673819737027,0.8942370863928426,-0.5354812444388504,1.8909411548688113,-4.868423865084615,0.7644699282449319,-0.6447362246550841,-0.45976638928422525,-0.5290044969526928,0.9804619406971812,-0.19862020680567974,2.1431362481449985,-0.7631713297325006,0.9808465081437505,-0.1967908664690552,2.9172106932294413,-1.031634841143785
5.8100000000000005,1.0003147444411613,0.0003022330035631433,6.151387996395432,-1.952523492819415,0.974889166604025,-0.2022368274619551,5.165151724258061,-4.761604909026152,0.8901928169552136,-0.4560460208267299,1.5878387357699852,-3.7016943242442917,0.9380484442785646,-0.3899286032766133,1.18981562226117,-1.2408685039567642,0.8943359170378897,-0.5353656606621333,1.892182399855942,-4.86829824385685,0.764540955318885,-0.644689511851415,-0.4600362015599378,-0.5279151689572429,0.9806459882539293,-0.19836057359745468,2.1435450097149533,-0.7621710779847438,0.9811034116878703,-0.19647688367414246,2.9194094867891005,-1.0325159435474827
5.9,1.0004309591427727,0.00042675265123873543,6.152580449476338,-1.9525950778070298,0.97500546989945,-0.20216388132197918,5.165626909366984,-4.76202760447614,0.8902292326819354,-0.4560412884399187,1.5864705527275262,-3.700501614621945,0.9381759701182949,-0.38982504440031435,1.190316668369177,-1.241205590464566,0.8943888525170186,-0.5353104727112223,1.8924052920861703,-4.867671636513951,0.7646449053229684,-0.6445995718836405,-0.4590520571029291,-0.5280599169228606,0.9807470712871019,-0.198231679955574,2.1438254394454197,-0.7618642828985778,0.9812169558113076,-0.19633857054909232,2.920070388171839,-1.032485369751433
6.0,1.0005404561797853,0.0005380489780247245,6.153261429294573,-1.952430018492622,0.9751485185503901,-0.2020610000780418,5.166875123427472,-4.763235352235965,0.8902720428526921,-0.4559766779017898,1.5865784824770268,-3.699351794034792,0.938243789361779,-0.3897664217434112,1.1904106478196572,-1.2410920402248735,0.8944242594217595,-0.5352905642857141,1.8920946243098429,-4.8670084643924705,0.7647395598724247,-0.6445121571000384,-0.45803412185044173,-0.5283271695749631,0.9808157776033428,-0.19818004437846243,2.144293003304054,-0.7624400301570197,0.9812286315219657,-0.19632912062578464,2.919410946951966,-1.0315180511211588
6.1000000000000005,1.0006280740694,0.0006172741190582362,6.153425513921039,-1.9524074284810833,0.9752645078580267,-0.20195485808498465,5.168465566622736,-4.764483456767185,0.8903282261197679,-0.45585526672202215,1.58865970943557,-3.699100333294696,0.9382351283027986,-0.3897644443381366,1.1901724207433835,-1.2406681917809972,0.8944436950537012,-0.5352995318416913,1.8917061860407618,-4.866948560899255,0.7647445351077998,-0.6445053280182657,-0.4584545745121325,-0.527683246392124,0.9807948905308218,-0.19825341476280306,2.1441743307672545,-0.7629143477514657,0.9811621528056003,-0.1964364951170777,2.9182187680169243,-1.0307641900798716
6.2,1.0006928870714598,0.0006655534299267803,6.153334251250504,-1.9527633522016987,0.9753152738446105,-0.20187527789338947,5.169573744062974,-4.764752199264327,0.8903875535929848,-0.45571638120611574,1.591616925495831,-3.699503508430862,0.9381881655870258,-0.3897915424745722,1.189864598368922,-1.2402173623766521,0.8944483903134318,-0.5353204231461977,1.8912230608288387,-4.867015665020688,0.7647308496146551,-0.6445075665961807,-0.4588682958073488,-0.527218634053021,0.9806604149283469,-0.19845355852222407,2.1429307663347057,-0.76239721727772,0.9810568419206324,-0.19661558040193947,2.9172019555056754,-1.0309633736143444
6.3100000000000005,1.0007342046050074,0.0006869104835754138,6.153266956024859,-1.9535728527991345,0.975286177728157,-0.20184392106512494,5.169691177771466,-4.763651646645905,0.8904278735916008,-0.45560632010941504,1.5942012118362765,-3.700097637624423,0.9381396693441386,-0.3898237637980606,1.1897773030021603,-1.2400737541978786,0.8944371196491091,-0.5353353764192841,1.8907253483367858,-4.866816796941424,0.7647528944621217,-0.6444645754413539,-0.4581395041549967,-0.5277920773595197,0.9804429617595056,-0.19874518192201787,2.1410677288266573,-0.7614503697931,0.9808946919171725,-0.19686693884923442,2.915943533848252,-1.0313854746257054
6.4,1.00073994885984,0.0006821934196773409,6.153422192920032,-1.9543848952447638,0.9752190944281119,-0.2018645134770571,5.1691906476804474,-4.762489411194708,0.8904211172287121,-0.45558655308304075,1.5951432809136776,-3.7006163505329894,0.9381086572775371,-0.38985174632504055,1.1900134746507467,-1.2404131013310349,0.8944190672422786,-0.5353278163152914,1.8908873195384546,-4.866918688746218,0.7647335085955583,-0.644465604055576,-0.45798344815581876,-0.5280705042737297,0.9802789892280376,-0.1989650055725483,2.1401206599476885,-0.7613898532021924,0.9807215872067572,-0.19709393505788855,2.9144628143902156,-1.031028657363588
6.5,1.0007114917695141,0.0006540527036454534,6.153813527334324,-1.9551239757242833,0.9751344205433864,-0.20192657711470602,5.168479892735496,-4.7619268724257555,0.8903591299124342,-0.4556552059622559,1.5946598839759039,-3.7010808540898235,0.9380531302337813,-0.38991238691928753,1.1902607717023785,-1.2409319501365674,0.8943887515066112,-0.5353022203635804,1.891796012543577,-4.867520939067047,0.76464224565366,-0.6445399774020129,-0.4588821484160058,-0.5277469143188882,0.9801326219574216,-0.1991532875654336,2.1398101144581174,-0.7619969664489398,0.9805204835651437,-0.19732295115071652,2.9128092712638005,-1.030174394876218
6.6000000000000005,1.0006437435195932,0.000600275305052988,6.154243990894794,-1.9553988200597177,0.9750612240044996,-0.20201784383990412,5.167813072866284,-4.762447494426874,0.8902407523313205,-0.45580966624388164,1.5925040733080373,-3.7010619640058238,0.9379440442504933,-0.3900294572495214,1.189977395758971,-1.2409975363724197,0.8943382138806892,-0.5352840989448211,1.8928055641375807,-4.868076108804088,0.7645495521242062,-0.6446215489730766,-0.4594471904918674,-0.5279107078588386,0.979999006701224,-0.19929032703146443,2.1396218994232945,-0.7622955458826237,0.9803649932322023,-0.19747617788005578,2.9120651159751527,-1.029907915412767
6.7,1.0005389688077997,0.0005188753415063805,6.154503751542687,-1.9551966280854631,0.9749976046918232,-0.2021282717872519,5.167227766580826,-4.763791832997166,0.8900838977724308,-0.45601545244326613,1.5893259430571771,-3.700624234007824,0.93779218792702,-0.3901880693679886,1.1892049373182674,-1.2406039850393582,0.8942595413985437,-0.5353055091497088,1.89331114465032,-4.868343524125135,0.7644768112576013,-0.6446907930844596,-0.4593203905323741,-0.5288438563452108,0.9798719894278209,-0.19938102936382074,2.139279324814989,-0.7619190951237271,0.9802764148728138,-0.1975382593770362,2.912477966222083,-1.030575727518315
6.8100000000000005,1.0003894293103237,0.00039665064296308096,6.1544266428650145,-1.9547354432325386,0.974913658512596,-0.20226395799933483,5.166610931472395,-4.765502202262207,0.8899019783067282,-0.45624467846128725,1.5860762742696732,-3.700316080762853,0.9376346843791102,-0.39035067245392624,1.1885202508825319,-1.2403930614522933,0.8941405637523371,-0.5354009115528338,1.893094882676578,-4.868718377001964,0.7643489502650535,-0.6448252895088389,-0.4600032231111588,-0.5294736675828404,0.9797807380766327,-0.19940942188266023,2.139327883385943,-0.7616859177809725,0.980221586601156,-0.1975393566289491,2.9133716323850423,-1.0313726651177373
6.9,1.000248710152334,0.0002727064149583614,6.153967993883815,-1.9543817044561216,0.9748143441086135,-0.2023819208995169,5.16592471151939,-4.766341511021611,0.8897703539988475,-0.4563977357739078,1.584336822269234,-3.7004428451138223,0.9375468313345573,-0.39044025946554634,1.1884231480599199,-1.2407018608335572,0.8940222438253715,-0.5355402803033797,1.8921155258185185,-4.869020074596057,0.7642159950998398,-0.6449696849571291,-0.4611525200119798,-0.5296473222282344,0.9797620157846527,-0.19937793197431483,2.139987532150252,-0.7621946671478563,0.9801811321870808,-0.19752361239513536,2.9137709346183454,-1.0313893432829462
7.0,1.0000815647302082,0.00011439524722887972,6.15295164191434,-1.9540469526476705,0.974668730709862,-0.20251334301950016,5.16484084713419,-4.766230274915089,0.8896577563336624,-0.4565102336149586,1.5835547508645855,-3.700877694024782,0.9374869251826984,-0.39049652890201636,1.1886163136999708,-1.2412837537455517,0.8938795460503329,-0.5357433730576283,1.8900669675273702,-4.868959282035377,0.7641074072957545,-0.6450919280119092,-0.4617448006502975,-0.5303794698947061,0.9797695607432689,-0.19932337187149532,2.1408794651381378,-0.7630005487336371,0.9801442502596157,-0.19750160222006505,2.913968814599392,-1.0311116448753617
7.1000000000000005,0.9999109139797703,-5.711712597289569e-05,6.151440033337084,-1.953678621917823,0.9745085698554272,-0.20263270359843044,5.163704318393691,-4.76544655535492,0.8895840214062675,-0.45656075915775995,1.5839772522409863,-3.701621541732627,0.9374355642518973,-0.39053495808109295,1.1887879484779544,-1.2417395282425958,0.893746534941921,-0.5359549795023006,1.887620179429294,-4.86870324158397,0.76403506807803,-0.6451742270214375,-0.46179288907695343,-0.5314279402657777,0.9797611638312,-0.19929398057192446,2.1412573643401367,-0.7632448824511778,0.9801337270034466,-0.19747360540170816,2.914429444023572,-1.0313721976933525
7.2,0.9997446985737011,-0.00022968941805740032,6.14960615325148,-1.9531264970016362,0.9743699284305017,-0.20272749555043637,5.162979728750678,-4.764903313832636,0.8895402957731359,-0.4565667906486929,1.5853010344426615,-3.7026363473920667,0.9373693255987087,-0.3905799120865672,1.1887538444525787,-1.2418996893036716,0.8936476379978654,-0.5361211541900934,1.8857832878083007,-4.868808051199021,0.7639472669384122,-0.645265344438,-0.4624198073282106,-0.5318120954469723,0.9797295660131359,-0.19930185435054854,2.1411252594924157,-0.762975401034546,0.9801409791285377,-0.1974527047350722,2.915128100513261,-1.0321943979546417
7.3100000000000005,0.9995778126962338,-0.000403780938709268,6.147497406436782,-1.952154693122632,0.9742734604545817,-0.2027989411694661,5.162792574900959,-4.765149465266841,0.8895060363004388,-0.4565578189375983,1.5867388358035814,-3.7034865995025466,0.9372864750402835,-0.3906389491869136,1.1884699483570722,-1.2417357261270723,0.8935937256241271,-0.5362042320311999,1.8850465115438393,-4.869236615484209,0.7638630307290143,-0.6453429334363331,-0.4632269266434342,-0.5317693232148568,0.9797003179887753,-0.19933115832417583,2.141043277267064,-0.7629783029636263,0.9801289337814796,-0.19746933863416496,2.9154038142627203,-1.0327214064138501
7.4,0.9994635727451809,-0.0005210519953554294,6.14594890073675,-1.9511233841315598,0.9742416455433226,-0.20283627651067318,5.162910763189412,-4.765881373506291,0.8894763411419147,-0.4565620809543858,1.5871185107108545,-3.7035454957828144,0.9372374477657415,-0.3906772116563179,1.1882312732770846,-1.2415357543447203,0.8935928439750045,-0.5361818869629451,1.8854472820470218,-4.869489780348996,0.7638500175141507,-0.6453422976427484,-0.4630644361982514,-0.5320300063883708,0.9796884712500398,-0.1993626628264701,2.1411973702283094,-0.763431070667084,0.9800889336976802,-0.19752174838941783,2.9149731494992066,-1.0324687161341035
7.5,0.9993715272861778,-0.0006131336291670947,6.144693302933528,-1.950017142742814,0.9742414246714761,-0.20286221667841836,5.1631101079507,-4.7668914398233975,0.8894418059151145,-0.4565869391938705,1.586623371522736,-3.703098814665919,0.9372268156619408,-0.39068957682644484,1.188261892329188,-1.2415946761756214,0.8936315923408357,-0.5360724750876964,1.8869269683381598,-4.8697881367882205,0.763867240522104,-0.6453044356617114,-0.462568917954266,-0.5322419352950428,0.9796638395490234,-0.19941758746988086,2.1412064224815346,-0.7638226209766427,0.9800324364574896,-0.19760037486904605,2.9142642366526506,-1.032021804029476
7.6000000000000005,0.9993259531330814,-0.0006572854373822677,6.1441110984323775,-1.9493096186995909,0.974256115140821,-0.20287590479686998,5.163223747512294,-4.767646890598691,0.8894174179387406,-0.4566223982042421,1.5856690590483513,-3.702617039120835,0.9372551323967951,-0.3906731451806076,1.1886186149981677,-1.241985428752469,0.8936992203963152,-0.5359084639963766,1.889204942563653,-4.870321061280669,0.7638725690174586,-0.6452774361530885,-0.46260551615307965,-0.5318198264570831,0.9796104181331287,-0.19949836858746156,2.140719663481986,-0.7635816230438699,0.9799899020963938,-0.19767328013985416,2.913855084325385,-1.0320323490186978
7.7,0.9993320835271859,-0.0006509722386719866,6.144204893204918,-1.9491997376822419,0.9742690869054611,-0.20287694041960694,5.163122196746179,-4.767684588797302,0.8894166293086192,-0.4566482032357449,1.5847814298208933,-3.7023710788334183,0.937287296608046,-0.39065320603452786,1.1889060616516585,-1.242263918094251,0.8937747700150576,-0.5357419309796593,1.8914553980441402,-4.870807218487438,0.7638871576066151,-0.645244180702137,-0.46264116358958995,-0.5313180623964548,0.9795521694757822,-0.19957964117771343,2.1400332189927362,-0.7630333407383898,0.9799644269751556,-0.19773048995031198,2.913672213495196,-1.0322990220030317
7.8100000000000005,0.9993969060857911,-0.0005890495173136045,6.144936237439206,-1.9497384435137743,0.9742813542884475,-0.20285668123446265,5.162858914534219,-4.7668618196673425,0.8894504064923483,-0.45664290081351555,1.584385591397454,-3.70241589037914,0.9372971654143066,-0.39064831075525963,1.1887840579456743,-1.2420331694521376,0.8938425774388519,-0.5356145440609328,1.8929512578436796,-4.870927592497332,0.7639403570650308,-0.6451785763512048,-0.46204149304640063,-0.531309517253288,0.9795298359977942,-0.1996266865795915,2.139719997365218,-0.7629067650775299,0.9799430888612936,-0.19777693238805394,2.9132732974000284,-1.032161018843674
7.9,0.9994886696691385,-0.000501455805239272,6.145886998993515,-1.9505332526080155,0.9743033474515589,-0.2028165921729056,5.162810225305456,-4.765976345532733,0.8895012500195559,-0.45660454191058586,1.5847711794036283,-3.7026669743306737,0.9372956996966915,-0.39064747483809875,1.1885042448716931,-1.241614483870796,0.893875512984931,-0.5355790294427986,1.8931889555154402,-4.870823320148351,0.7639797375494066,-0.6451390250910464,-0.46170927053685923,-0.5312762919340406,0.9795504196633861,-0.19962296414092828,2.139874294085591,-0.7632171703682902,0.9799351244811566,-0.1977943742856191,2.9128354142136295,-1.0317065112351953
8.0,0.9996209641591637,-0.0003735955447951798,6.1471734349204015,-1.9515311310865833,0.9743572908189545,-0.20274440868845608,5.1631557000537995,-4.765299116598968,0.8895698396904038,-0.456532286341216,1.5857719017271377,-3.7028972885370686,0.9373155402761822,-0.39062458618294327,1.1883576427653832,-1.241304725323411,0.8938858736010795,-0.5356134020340124,1.8924668155874114,-4.87056002441219,0.764001313258202,-0.645129174205639,-0.46189220652813573,-0.5309028271844479,0.9795889732302506,-0.19959049561348285,2.140047794056843,-0.7633924324140362,0.9799553737287474,-0.1977754544253398,2.912654860075082,-1.0313832483069083
8.1,0.9997733412398193,-0.00022324848630263285,6.148578298409838,-1.952402014242316,0.9744496043877593,-0.202648166373025,5.163879387199003,-4.765132344240643,0.8896375435799293,-0.4564462237582564,1.5867819303703328,-3.7026506581393304,0.9373775593539234,-0.39056526860794516,1.1885178674323222,-1.2412977414097852,0.8938749869501385,-0.5357026008613891,1.8908745287705049,-4.869916092577178,0.7640384511523738,-0.6451135531060361,-0.4618865870645129,-0.5307021450287837,0.9796283208322588,-0.19954006644015618,2.1399628456682906,-0.763040722460166,0.9800134789188891,-0.1977111205608098,2.912965000801954,-1.031484758621433
8.21,0.9999507855281439,-4.4163634045468076e-05,6.150188767856894,-1.9531119517913453,0.9745863161491409,-0.20252772079720457,5.164915381129688,-4.765451666081855,0.8897044935439589,-0.45635738711479246,1.5873960578028512,-3.7017879224111803,0.9374833990842593,-0.390470285886708,1.1889103705297923,-1.2414944627990834,0.8938594885331095,-0.5358119167970815,1.8888036735034994,-4.8688545161281755,0.7641151865543796,-0.645065537260592,-0.4613057165288929,-0.5308631440965116,0.9796919389197273,-0.19945318828633862,2.139927175576622,-0.7625477077513073,0.9801022871132666,-0.19760550995900303,2.9134878302412086,-1.0315934022346782
8.3,1.000095034626032,0.0001035786051971522,6.151542522571964,-1.9535825698784497,0.9747073893979618,-0.20242976922939898,5.165787477935735,-4.765894172348627,0.8897576190573853,-0.456298852887008,1.5875171271885886,-3.7010177901604018,0.9375737696853242,-0.39039130014481727,1.1892072411885668,-1.2416239368188087,0.8938648907503406,-0.5358658571753266,1.8876369876697905,-4.868148509232825,0.7641744700447104,-0.645028579060719,-0.461015320916828,-0.5307507690847996,0.9797768125317146,-0.19935022876127026,2.1402747425060245,-0.7625404805681116,0.9801786401546322,-0.19750871535346684,2.913764069367887,-1.0313240885311035
8.4,1.0002460680096095,0.00025853095438336653,6.153018095766906,-1.9540935183507309,0.9748282543531508,-0.20233344833597505,5.166537642715674,-4.76616016237258,0.8898221665715068,-0.4562505668968808,1.5873482308080369,-3.7004343147011696,0.9376557782962921,-0.39032030647147625,1.1893190297424696,-1.2415277409670296,0.8939052231573844,-0.5358563901180663,1.88737855721783,-4.867751298851537,0.7642305621241985,-0.6449908262025036,-0.4609923606637263,-0.5302486691188998,0.9798935083050047,-0.19921864572763687,2.1409065525127904,-0.762811250510547,0.9802682265285778,-0.19739700984147898,2.9140021152732705,-1.0308597175346936
8.5,1.0003789031778554,0.0003928354223954373,6.15430437213399,-1.9545944775960717,0.9749181957546933,-0.2022574897910703,5.166841243941657,-4.765798957931847,0.8898961920116092,-0.4562142349502779,1.5869251016843566,-3.700142627442274,0.9377190957740666,-0.39026519351306843,1.1891885087291678,-1.2411462990143842,0.8939838768744437,-0.5357674594169524,1.888149690790087,-4.867575553229639,0.7643086126068628,-0.6449206714288986,-0.460607211001768,-0.5298549334621202,0.980002427022472,-0.19910023379025726,2.141327618970742,-0.7628374657729246,0.9803708298197433,-0.19728313453450871,2.914425933776504,-1.0307018881685541
8.6,1.0004847855431636,0.0004960434083104927,6.155195833596191,-1.954984330460417,0.9749763406070188,-0.20220056747341617,5.166758247233632,-4.764859070120136,0.8899784794970593,-0.4561776574479898,1.5865020454792806,-3.700054739510445,0.9377855514504944,-0.3902057795901037,1.1890810892626082,-1.2407625580172268,0.8940925275108041,-0.5356158560631957,1.8896865261328935,-4.8675372524812675,0.764408241665801,-0.6448184561870015,-0.4598463171296193,-0.5296031217892299,0.9800894369349769,-0.1990121102071666,2.1413783057767866,-0.7624945178826772,0.9804792015815668,-0.19717916384625028,2.914976180008462,-1.0308940122457815
8.700000000000001,1.0005561689645677,0.0005603464673016753,6.155502552010078,-1.9550939793945565,0.9750167066940274,-0.20215401793683982,5.166617226980804,-4.763832610086447,0.890063862943961,-0.4561269626538269,1.586470681950418,-3.7000911249168786,0.9378731884215332,-0.3901250597126257,1.1892756331844478,-1.240693729603337,0.8942157506556117,-0.5354344858644086,1.8916476408893856,-4.867715213178809,0.7644956200926871,-0.6447211033654537,-0.4593520948869925,-0.5290692069912395,0.9801667565163249,-0.198948225951191,2.141346033083729,-0.7622209593716847,0.9805711875663995,-0.19710448153678217,2.9152623376755775,-1.0309751560350673
8.8,1.0005886530558505,0.0005823628250886532,6.15510233234106,-1.954752336736766,0.9750564514502136,-0.20210878581822855,5.166725704755645,-4.763218077401373,0.890144848051709,-0.45605406709817997,1.5870288516828601,-3.700073282027517,0.9379737441114665,-0.39002934177183524,1.1897151201880785,-1.2408890237089196,0.8943337066566011,-0.5352629919031189,1.8934870024816106,-4.86796048147576,0.764568449827475,-0.644634532493882,-0.45907452451448233,-0.5283966350181193,0.9802441696532334,-0.19889974023466583,2.1414508386981117,-0.7623126453702587,0.9806344680639968,-0.19706657523856586,2.915080980949994,-1.0306673141501133
8.9,1.000582773905651,0.0005643812642440319,6.154027472550991,-1.953921312450754,0.9751032281707867,-0.2020620435293194,5.1671961986682895,-4.763240173560133,0.8902142436314557,-0.45596152199518647,1.5881345051819968,-3.699879194381894,0.9380593457178217,-0.3899428465334922,1.1901009990874354,-1.2410384369470744,0.8944281769868186,-0.5351348282489988,1.8946907019836838,-4.868032133055477,0.7646438311827227,-0.6445448394298051,-0.4585360783078205,-0.5280701256167301,0.9803103422228703,-0.198869155844104,2.141538621872361,-0.7625089661173062,0.9806795623856769,-0.19705175427382576,2.914719205411942,-1.0302877819230545
9.0,1.000544392023026,0.0005142360039101737,6.152518842115488,-1.9527904459441228,0.9751493672673378,-0.20201997193275517,5.1679414645672015,-4.7638302626454765,0.8902666490660682,-0.4558632937368265,1.5896488564914242,-3.6996620655488988,0.9381085281970961,-0.3898853924776873,1.1902638649192105,-1.240995638483006,0.8944885371832954,-0.5350666641696492,1.8951499539426557,-4.868001546049982,0.7647031933533579,-0.6444737529195077,-0.45799961835324754,-0.5279900946739459,0.9803505900710959,-0.1988587925121169,2.141409137745817,-0.7624513918019118,0.980722327730516,-0.1970397107277557,2.9145982734011397,-1.0302875647039393
9.1,1.000482988441008,0.00044335628080518184,6.150951318870521,-1.9516937823401899,0.9751752514403852,-0.2019963036043696,5.168662709130246,-4.764620383230455,0.89029675071459,-0.45578269239363056,1.59124077213878,-3.6996474246861686,0.93812079182764,-0.3898602518846112,1.1902690499182684,-1.240875715183813,0.8945112309812236,-0.5350581753828937,1.8950408956409437,-4.868055503974148,0.7647178028229631,-0.6444523087437798,-0.4579767464893895,-0.5278236502460022,0.9803697736385937,-0.19885652878835908,2.1412012042074964,-0.7622404992298456,0.9807613177842813,-0.19702293310001634,2.914762892235282,-1.0306088050440858
9.200000000000001,1.0004086296817,0.00036366169524889333,6.149682975008276,-1.9509264204418235,0.9751607972355695,-0.20200608591815716,5.168941269054276,-4.765086046945554,0.8902978872167245,-0.45574598219195883,1.5923228539613226,-3.6998359710318827,0.938108752071716,-0.3898606015505805,1.1902422276971896,-1.2408373230124718,0.8944965220224218,-0.5350983416266546,1.8945121838822612,-4.868126458318546,0.7646986403924608,-0.6444698678760037,-0.45821262655757755,-0.5277749356025516,0.9803838490951348,-0.1988448074747154,2.1412347588021903,-0.7622569933702524,0.9807812859480411,-0.19700688692698975,2.914939175436908,-1.0308098289467114
9.3,1.0003292032741675,0.00028462473058606856,6.148945002254693,-1.9506290009850655,0.9750990014184729,-0.20205671965060898,5.168538758599338,-4.764963195479617,0.8902644444272922,-0.45577177346748093,1.5923974137825188,-3.7001128199026003,0.9380818015802609,-0.38988179938877354,1.1902482017161342,-1.2409572283986803,0.8944486581436936,-0.5351704606143837,1.8937373801703172,-4.868110150680972,0.7646656461205891,-0.644505517739167,-0.4583076493224758,-0.5281207085233436,0.9803935741832217,-0.19882189879064752,2.1415713342397753,-0.7625772644486184,0.9807746107226987,-0.19699601881427417,2.915021270078043,-1.0307376299922621
9.4,1.0002490916173852,0.00021148100839259187,6.1487913604114945,-1.95076527161647,0.9750015187850581,-0.20214286959749608,5.167596061274749,-4.7644959883597675,0.8901953648831359,-0.4558625127585386,1.591403929100148,-3.700449504428451,0.938036756955908,-0.38992770174457986,1.1902636332447492,-1.241212955867599,0.8943760157437113,-0.5352570611500543,1.893013416501974,-4.868150452234716,0.7646068828465337,-0.6445699655932,-0.45854499637817203,-0.5285931863839554,0.9803801206475646,-0.19880572760568238,2.141940639461249,-0.7628719627497548,0.9807475882790471,-0.19698969767019073,2.915213330341702,-1.030717498752217
9.5,1.0001695794634442,0.00014501239961536806,6.149089024630066,-1.9511511538802206,0.9748916051549706,-0.20224942020203007,5.166476809759043,-4.764171304405466,0.8900950574187683,-0.45600370578685234,1.5896237349370061,-3.7007999187843486,0.9379619899744607,-0.3900069991942086,1.1901628807418714,-1.2414512384757526,0.8942871893948028,-0.5353467906719768,1.8925139881115813,-4.868372281035606,0.7645127404095394,-0.6446711077063556,-0.459187721259176,-0.5289276242868453,0.9803281641294759,-0.19881613811750026,2.142103615004878,-0.7628979161134637,0.9807041022358005,-0.1969936124525359,2.915627308616788,-1.031009642582595
9.61,1.0000826921188013,7.678890389850689e-05,6.149630397024605,-1.9515899721024124,0.9747816343258571,-0.2023694790239951,5.165414691516821,-4.764350682250737,0.8899599420343071,-0.4561859415439772,1.587239806831559,-3.7010207326971845,0.9378400777119238,-0.3901338653910653,1.1897818052130789,-1.241489791953888,0.8941776727649311,-0.5354464874284602,1.8920783950638635,-4.868664423920234,0.7643962130979607,-0.6447941208085406,-0.4599079851822415,-0.5293980052791446,0.9802321258720922,-0.19886721629251072,2.142103042924236,-0.7628295661398469,0.9806248609735602,-0.19703202518260113,2.9160106841471585,-1.0314295901210666
9.700000000000001,1.0000124769226553,2.1922305392480636e-05,6.150013322585184,-1.951840925142654,0.9747087619937643,-0.20245784848707182,5.16482644484237,-4.764929211170972,0.8898426540091059,-0.4563287443321552,1.5854139848006947,-3.701022891089822,0.9377221334038206,-0.3902541277970689,1.1893383899859735,-1.2413861669720903,0.8940833458045416,-0.5355305870787807,1.8916552408487717,-4.868833366546469,0.7643070568482899,-0.6448860483584976,-0.4602861177414059,-0.52996386455524,0.98013388266267,-0.19894107395602248,2.1420794265088348,-0.762953097850045,0.9805245164352274,-0.19710729891689405,2.9159351821650477,-1.0315307067513413
9.8,0.9999372503758683,-3.990870810475389e-05,6.150229508570087,-1.952020936349764,0.974642569407636,-0.20253928406822735,5.164483449494071,-4.765810833899866,0.8897206156364346,-0.4564561380780774,1.5840148209518967,-3.7009757792977167,0.9375962575806592,-0.39038045504045343,1.1889460925540452,-1.241352365451292,0.8939796518109315,-0.5356266495366137,1.891089622891331,-4.869015107125583,0.764206531304915,-0.6449862905814092,-0.4607716678858085,-0.5304956224513292,0.980004628756772,-0.19906208473765785,2.1419427255107584,-0.7632205357546356,0.9803792525144727,-0.1972401149222998,2.9153928982842507,-1.0314009429964437
9.9,0.9998678859871182,-0.00010239042208787182,6.150180922120061,-1.9521798419609195,0.9745819241522473,-0.202602885080932,5.164337351832857,-4.766572378056482,0.8896205168748577,-0.4565372235606019,1.5835320178452277,-3.7010324503517427,0.9374923787579216,-0.3904823313512977,1.1887932767585054,-1.2415206775831045,0.893883915227871,-0.5357212309202659,1.8904425036308175,-4.869216722322706,0.7641056983162653,-0.6450829175214862,-0.4614056137327598,-0.5308095086644227,0.9798494523156539,-0.19922718892474148,2.1414687273720325,-0.7633133896085361,0.9802170703632174,-0.19741051651693262,2.9145991388689487,-1.031312683899977
10.0,0.9998073724945479,-0.0001630172353094634,6.149905881708682,-1.9523772949134455,0.9745190992601394,-0.20265174776684838,5.1642107080229875,-4.766896968021973,0.8895495433654421,-0.45657287937396257,1.583864531193282,-3.7012455697439655,0.9374092793726228,-0.39056016170044155,1.1887824002816045,-1.2417633724546748,0.8938029673519275,-0.5358053734124326,1.889748995622813,-4.869351019590228,0.7640254991067014,-0.645154818024015,-0.4618302463858859,-0.5311403964822179,0.9796785322745203,-0.19942185608188953,2.140648893728113,-0.7631290634939552,0.9800568563764821,-0.1975975078506989,2.9137392297475238,-1.0313939125276539
